{
  "training_date": "2026-03-01",
  "training_metrics": {
    "version": "v2.0_rigorous",
    "records_used": 409,
    "train_records": 327,
    "test_records": 82,
    "success_count": 291,
    "failure_count": 118,
    "final_model": "GradientBoosting",
    "cv_f1_mean": 0.9708847865387291,
    "holdout_accuracy": 0.9390243902439024,
    "holdout_f1": 0.9572649572649573,
    "holdout_precision": 0.9491525423728814,
    "holdout_recall": 0.9655172413793104,
    "holdout_auc": 0.988146551724138,
    "confusion_matrix": [
      [
        21,
        3
      ],
      [
        2,
        56
      ]
    ],
    "model_comparison": {
      "RandomForest": {
        "cv_f1": "0.969 \u00b1 0.033",
        "cv_acc": "0.954 \u00b1 0.048"
      },
      "GradientBoosting": {
        "cv_f1": "0.971 \u00b1 0.023",
        "cv_acc": "0.957 \u00b1 0.034"
      },
      "SVM_RBF": {
        "cv_f1": "0.965 \u00b1 0.023",
        "cv_acc": "0.951 \u00b1 0.031"
      }
    },
    "feature_importances": {
      "team_strength_index": 0.18976255497616704,
      "experience_variance": 0.1423462375441209,
      "has_critical_role_gap": 0.13435279783999074,
      "avg_experience": 0.10960393949603818,
      "balance_penalty": 0.0640072751276017,
      "critical_role_coverage": 0.04899215917533238,
      "weakest_link_score": 0.043055695408485195,
      "min_skill_level": 0.03867908548035545,
      "helpful_role_coverage": 0.034885562128591986,
      "coverage_diversity_product": 0.033901673353256646,
      "role_duplication_ratio": 0.03258798661914439,
      "gini_coefficient": 0.02937124031663507,
      "skill_variance": 0.02591451672800747,
      "role_diversity": 0.01943196823342842,
      "experience_skill_interaction": 0.017236926458550485,
      "team_size": 0.007148960722870549,
      "skill_iqr": 0.006501436984692965,
      "skill_coverage": 0.005259900357022276,
      "skill_range": 0.0052059896707737354,
      "max_skill_level": 0.0034980072997898405,
      "total_skills_count": 0.003134056577022791,
      "avg_skill_level": 0.00249682076895006,
      "skills_per_member": 0.0020312618719847404,
      "project_type_encoded": 0.0005754460365864593,
      "median_skill_level": 1.8500824600542704e-05
    },
    "learned_weights": {
      "weight_skill": 0.0512,
      "weight_diversity": 0.0194,
      "weight_balance": 0.1245,
      "weight_experience": 0.2692,
      "weight_coverage": 0.2574,
      "weight_team_size": 0.0071,
      "weight_role_dedup": 0.0326,
      "penalty_critical_gap": 0.2687,
      "penalty_high_variance": 0.0518,
      "bonus_high_coverage": 0.0079,
      "threshold_min_diversity": 0.5,
      "threshold_min_avg_skill": 5.67,
      "threshold_max_gini": 0.19,
      "threshold_min_coverage": 0.2
    }
  },
  "learned_weights": {
    "weight_skill": 0.0512,
    "weight_diversity": 0.0194,
    "weight_balance": 0.1245,
    "weight_experience": 0.2692,
    "weight_coverage": 0.2574,
    "weight_team_size": 0.0071,
    "weight_role_dedup": 0.0326,
    "penalty_critical_gap": 0.2687,
    "penalty_high_variance": 0.0518,
    "bonus_high_coverage": 0.0079,
    "threshold_min_diversity": 0.5,
    "threshold_min_avg_skill": 5.67,
    "threshold_max_gini": 0.19,
    "threshold_min_coverage": 0.2
  },
  "feature_importances": {
    "team_strength_index": 0.18976255497616704,
    "experience_variance": 0.1423462375441209,
    "has_critical_role_gap": 0.13435279783999074,
    "avg_experience": 0.10960393949603818,
    "balance_penalty": 0.0640072751276017,
    "critical_role_coverage": 0.04899215917533238,
    "weakest_link_score": 0.043055695408485195,
    "min_skill_level": 0.03867908548035545,
    "helpful_role_coverage": 0.034885562128591986,
    "coverage_diversity_product": 0.033901673353256646,
    "role_duplication_ratio": 0.03258798661914439,
    "gini_coefficient": 0.02937124031663507,
    "skill_variance": 0.02591451672800747,
    "role_diversity": 0.01943196823342842,
    "experience_skill_interaction": 0.017236926458550485,
    "team_size": 0.007148960722870549,
    "skill_iqr": 0.006501436984692965,
    "skill_coverage": 0.005259900357022276,
    "skill_range": 0.0052059896707737354,
    "max_skill_level": 0.0034980072997898405,
    "total_skills_count": 0.003134056577022791,
    "avg_skill_level": 0.00249682076895006,
    "skills_per_member": 0.0020312618719847404,
    "project_type_encoded": 0.0005754460365864593,
    "median_skill_level": 1.8500824600542704e-05
  }
}