{
  "training_date": "2026-03-01",
  "training_metrics": {
    "version": "v2.0_rigorous",
    "records_used": 257,
    "train_records": 205,
    "test_records": 52,
    "success_count": 139,
    "failure_count": 118,
    "final_model": "RandomForest",
    "cv_f1_mean": 0.9784761904761904,
    "holdout_accuracy": 0.9615384615384616,
    "holdout_f1": 0.9655172413793104,
    "holdout_precision": 0.9333333333333333,
    "holdout_recall": 1.0,
    "holdout_auc": 0.9933035714285714,
    "confusion_matrix": [
      [
        22,
        2
      ],
      [
        0,
        28
      ]
    ],
    "model_comparison": {
      "RandomForest": {
        "cv_f1": "0.978 \u00b1 0.038",
        "cv_acc": "0.976 \u00b1 0.044"
      },
      "GradientBoosting": {
        "cv_f1": "0.960 \u00b1 0.034",
        "cv_acc": "0.957 \u00b1 0.040"
      },
      "SVM_RBF": {
        "cv_f1": "0.977 \u00b1 0.029",
        "cv_acc": "0.976 \u00b1 0.032"
      }
    },
    "feature_importances": {
      "critical_role_coverage": 0.17040239318418784,
      "has_critical_role_gap": 0.14928448951950243,
      "team_strength_index": 0.1114805352204307,
      "weakest_link_score": 0.11094838589897459,
      "min_skill_level": 0.05603124268503617,
      "avg_skill_level": 0.05300105420991216,
      "coverage_diversity_product": 0.03841269795166695,
      "role_diversity": 0.029599996640123784,
      "experience_skill_interaction": 0.029243041827097825,
      "role_duplication_ratio": 0.029182664450949174,
      "median_skill_level": 0.028907268501698526,
      "balance_penalty": 0.023353409622949656,
      "team_size": 0.020088548548724935,
      "helpful_role_coverage": 0.01994608636999652,
      "avg_experience": 0.017349190901740502,
      "gini_coefficient": 0.01681857894436027,
      "skill_coverage": 0.01511818760168515,
      "total_skills_count": 0.0137967000433266,
      "max_skill_level": 0.013385696335410114,
      "skill_variance": 0.013315901656228564,
      "experience_variance": 0.010803238489782681,
      "skill_range": 0.010766704334205911,
      "skills_per_member": 0.00846900205340446,
      "skill_iqr": 0.006775136612754704,
      "project_type_encoded": 0.0035198483958498047
    },
    "learned_weights": {
      "weight_skill": 0.1581,
      "weight_diversity": 0.0296,
      "weight_balance": 0.0643,
      "weight_experience": 0.0574,
      "weight_coverage": 0.3932,
      "weight_team_size": 0.0201,
      "weight_role_dedup": 0.0292,
      "penalty_critical_gap": 0.2986,
      "penalty_high_variance": 0.0266,
      "bonus_high_coverage": 0.0227,
      "threshold_min_diversity": 1.0,
      "threshold_min_avg_skill": 6.0,
      "threshold_max_gini": 0.06,
      "threshold_min_coverage": 0.2
    }
  },
  "learned_weights": {
    "weight_skill": 0.1581,
    "weight_diversity": 0.0296,
    "weight_balance": 0.0643,
    "weight_experience": 0.0574,
    "weight_coverage": 0.3932,
    "weight_team_size": 0.0201,
    "weight_role_dedup": 0.0292,
    "penalty_critical_gap": 0.2986,
    "penalty_high_variance": 0.0266,
    "bonus_high_coverage": 0.0227,
    "threshold_min_diversity": 1.0,
    "threshold_min_avg_skill": 6.0,
    "threshold_max_gini": 0.06,
    "threshold_min_coverage": 0.2
  },
  "feature_importances": {
    "critical_role_coverage": 0.17040239318418784,
    "has_critical_role_gap": 0.14928448951950243,
    "team_strength_index": 0.1114805352204307,
    "weakest_link_score": 0.11094838589897459,
    "min_skill_level": 0.05603124268503617,
    "avg_skill_level": 0.05300105420991216,
    "coverage_diversity_product": 0.03841269795166695,
    "role_diversity": 0.029599996640123784,
    "experience_skill_interaction": 0.029243041827097825,
    "role_duplication_ratio": 0.029182664450949174,
    "median_skill_level": 0.028907268501698526,
    "balance_penalty": 0.023353409622949656,
    "team_size": 0.020088548548724935,
    "helpful_role_coverage": 0.01994608636999652,
    "avg_experience": 0.017349190901740502,
    "gini_coefficient": 0.01681857894436027,
    "skill_coverage": 0.01511818760168515,
    "total_skills_count": 0.0137967000433266,
    "max_skill_level": 0.013385696335410114,
    "skill_variance": 0.013315901656228564,
    "experience_variance": 0.010803238489782681,
    "skill_range": 0.010766704334205911,
    "skills_per_member": 0.00846900205340446,
    "skill_iqr": 0.006775136612754704,
    "project_type_encoded": 0.0035198483958498047
  }
}