{
  "training_date": "2026-03-01",
  "training_metrics": {
    "version": "v2.0_rigorous",
    "records_used": 408,
    "train_records": 326,
    "test_records": 82,
    "success_count": 290,
    "failure_count": 118,
    "final_model": "RandomForest",
    "cv_f1_mean": 0.974627042861548,
    "holdout_accuracy": 0.9390243902439024,
    "holdout_f1": 0.9565217391304348,
    "holdout_precision": 0.9649122807017544,
    "holdout_recall": 0.9482758620689655,
    "holdout_auc": 0.9899425287356323,
    "confusion_matrix": [
      [
        22,
        2
      ],
      [
        3,
        55
      ]
    ],
    "model_comparison": {
      "RandomForest": {
        "cv_f1": "0.975 \u00b1 0.023",
        "cv_acc": "0.963 \u00b1 0.033"
      },
      "GradientBoosting": {
        "cv_f1": "0.959 \u00b1 0.015",
        "cv_acc": "0.942 \u00b1 0.021"
      },
      "SVM_RBF": {
        "cv_f1": "0.960 \u00b1 0.030",
        "cv_acc": "0.945 \u00b1 0.041"
      }
    },
    "feature_importances": {
      "critical_role_coverage": 0.08686374828776448,
      "team_strength_index": 0.08266401202356237,
      "has_critical_role_gap": 0.06883050539796234,
      "avg_experience": 0.06567950350425461,
      "experience_skill_interaction": 0.058223802168324214,
      "balance_penalty": 0.05601649213746898,
      "experience_variance": 0.05495822330304644,
      "coverage_diversity_product": 0.05487426973137783,
      "gini_coefficient": 0.05292759699539389,
      "weakest_link_score": 0.04318932638753553,
      "skill_variance": 0.04093938804207891,
      "max_skill_level": 0.039042813554759734,
      "helpful_role_coverage": 0.03563205437974198,
      "team_size": 0.03238369492111795,
      "avg_skill_level": 0.03217272469285049,
      "skill_range": 0.029591029073277413,
      "skill_coverage": 0.02885745578758498,
      "median_skill_level": 0.02137420483670197,
      "role_duplication_ratio": 0.020692594260610264,
      "min_skill_level": 0.019356733427955956,
      "role_diversity": 0.018924562197705014,
      "total_skills_count": 0.018208241975492652,
      "skill_iqr": 0.017432655093307114,
      "skills_per_member": 0.012300146798643823,
      "project_type_encoded": 0.008864221021481182
    },
    "learned_weights": {
      "weight_skill": 0.1294,
      "weight_diversity": 0.0189,
      "weight_balance": 0.1795,
      "weight_experience": 0.1789,
      "weight_coverage": 0.2751,
      "weight_team_size": 0.0324,
      "weight_role_dedup": 0.0207,
      "penalty_critical_gap": 0.1377,
      "penalty_high_variance": 0.0819,
      "bonus_high_coverage": 0.0433,
      "threshold_min_diversity": 0.5,
      "threshold_min_avg_skill": 5.67,
      "threshold_max_gini": 0.19,
      "threshold_min_coverage": 0.2
    }
  },
  "learned_weights": {
    "weight_skill": 0.1294,
    "weight_diversity": 0.0189,
    "weight_balance": 0.1795,
    "weight_experience": 0.1789,
    "weight_coverage": 0.2751,
    "weight_team_size": 0.0324,
    "weight_role_dedup": 0.0207,
    "penalty_critical_gap": 0.1377,
    "penalty_high_variance": 0.0819,
    "bonus_high_coverage": 0.0433,
    "threshold_min_diversity": 0.5,
    "threshold_min_avg_skill": 5.67,
    "threshold_max_gini": 0.19,
    "threshold_min_coverage": 0.2
  },
  "feature_importances": {
    "critical_role_coverage": 0.08686374828776448,
    "team_strength_index": 0.08266401202356237,
    "has_critical_role_gap": 0.06883050539796234,
    "avg_experience": 0.06567950350425461,
    "experience_skill_interaction": 0.058223802168324214,
    "balance_penalty": 0.05601649213746898,
    "experience_variance": 0.05495822330304644,
    "coverage_diversity_product": 0.05487426973137783,
    "gini_coefficient": 0.05292759699539389,
    "weakest_link_score": 0.04318932638753553,
    "skill_variance": 0.04093938804207891,
    "max_skill_level": 0.039042813554759734,
    "helpful_role_coverage": 0.03563205437974198,
    "team_size": 0.03238369492111795,
    "avg_skill_level": 0.03217272469285049,
    "skill_range": 0.029591029073277413,
    "skill_coverage": 0.02885745578758498,
    "median_skill_level": 0.02137420483670197,
    "role_duplication_ratio": 0.020692594260610264,
    "min_skill_level": 0.019356733427955956,
    "role_diversity": 0.018924562197705014,
    "total_skills_count": 0.018208241975492652,
    "skill_iqr": 0.017432655093307114,
    "skills_per_member": 0.012300146798643823,
    "project_type_encoded": 0.008864221021481182
  }
}