{
  "training_date": "2026-03-01",
  "training_metrics": {
    "version": "v2.0_rigorous",
    "records_used": 410,
    "train_records": 328,
    "test_records": 82,
    "success_count": 292,
    "failure_count": 118,
    "final_model": "RandomForest",
    "cv_f1_mean": 0.9701728233075532,
    "holdout_accuracy": 0.9390243902439024,
    "holdout_f1": 0.9572649572649573,
    "holdout_precision": 0.9491525423728814,
    "holdout_recall": 0.9655172413793104,
    "holdout_auc": 0.987787356321839,
    "confusion_matrix": [
      [
        21,
        3
      ],
      [
        2,
        56
      ]
    ],
    "model_comparison": {
      "RandomForest": {
        "cv_f1": "0.970 \u00b1 0.024",
        "cv_acc": "0.957 \u00b1 0.034"
      },
      "GradientBoosting": {
        "cv_f1": "0.966 \u00b1 0.021",
        "cv_acc": "0.951 \u00b1 0.031"
      },
      "SVM_RBF": {
        "cv_f1": "0.963 \u00b1 0.020",
        "cv_acc": "0.948 \u00b1 0.028"
      }
    },
    "feature_importances": {
      "team_strength_index": 0.09445506261635678,
      "critical_role_coverage": 0.0814531363469485,
      "has_critical_role_gap": 0.07999869515537933,
      "avg_experience": 0.06796195681229367,
      "experience_skill_interaction": 0.05959811141269214,
      "experience_variance": 0.056372979972494616,
      "gini_coefficient": 0.04903544927697607,
      "balance_penalty": 0.04878602392228883,
      "skill_variance": 0.04763733009335963,
      "coverage_diversity_product": 0.04597656314119294,
      "weakest_link_score": 0.045271818827230526,
      "max_skill_level": 0.042683270589067526,
      "skill_coverage": 0.039220377635097455,
      "helpful_role_coverage": 0.03349737311430255,
      "avg_skill_level": 0.02849034661349879,
      "team_size": 0.02461257187667927,
      "min_skill_level": 0.022738917449439053,
      "skill_range": 0.021951292436388513,
      "median_skill_level": 0.021804246599497805,
      "role_duplication_ratio": 0.018829803137988287,
      "role_diversity": 0.018208264535791295,
      "skill_iqr": 0.017575649709096013,
      "total_skills_count": 0.015062758676966792,
      "skills_per_member": 0.012319749362619085,
      "project_type_encoded": 0.006458250686354543
    },
    "learned_weights": {
      "weight_skill": 0.1333,
      "weight_diversity": 0.0182,
      "weight_balance": 0.1674,
      "weight_experience": 0.1839,
      "weight_coverage": 0.2801,
      "weight_team_size": 0.0246,
      "weight_role_dedup": 0.0188,
      "penalty_critical_gap": 0.16,
      "penalty_high_variance": 0.0953,
      "bonus_high_coverage": 0.0588,
      "threshold_min_diversity": 0.5,
      "threshold_min_avg_skill": 5.67,
      "threshold_max_gini": 0.2,
      "threshold_min_coverage": 0.2
    }
  },
  "learned_weights": {
    "weight_skill": 0.1333,
    "weight_diversity": 0.0182,
    "weight_balance": 0.1674,
    "weight_experience": 0.1839,
    "weight_coverage": 0.2801,
    "weight_team_size": 0.0246,
    "weight_role_dedup": 0.0188,
    "penalty_critical_gap": 0.16,
    "penalty_high_variance": 0.0953,
    "bonus_high_coverage": 0.0588,
    "threshold_min_diversity": 0.5,
    "threshold_min_avg_skill": 5.67,
    "threshold_max_gini": 0.2,
    "threshold_min_coverage": 0.2
  },
  "feature_importances": {
    "team_strength_index": 0.09445506261635678,
    "critical_role_coverage": 0.0814531363469485,
    "has_critical_role_gap": 0.07999869515537933,
    "avg_experience": 0.06796195681229367,
    "experience_skill_interaction": 0.05959811141269214,
    "experience_variance": 0.056372979972494616,
    "gini_coefficient": 0.04903544927697607,
    "balance_penalty": 0.04878602392228883,
    "skill_variance": 0.04763733009335963,
    "coverage_diversity_product": 0.04597656314119294,
    "weakest_link_score": 0.045271818827230526,
    "max_skill_level": 0.042683270589067526,
    "skill_coverage": 0.039220377635097455,
    "helpful_role_coverage": 0.03349737311430255,
    "avg_skill_level": 0.02849034661349879,
    "team_size": 0.02461257187667927,
    "min_skill_level": 0.022738917449439053,
    "skill_range": 0.021951292436388513,
    "median_skill_level": 0.021804246599497805,
    "role_duplication_ratio": 0.018829803137988287,
    "role_diversity": 0.018208264535791295,
    "skill_iqr": 0.017575649709096013,
    "total_skills_count": 0.015062758676966792,
    "skills_per_member": 0.012319749362619085,
    "project_type_encoded": 0.006458250686354543
  }
}